{
  "accuracy": 0.7678571428571429,
  "weighted_f1": 0.7711377884487128,
  "macro_f1": 0.7740102707749767,
  "method": "SVM C=0.5",
  "per_class_f1": {
    "angry": 0.8266666666666667,
    "happy": 0.7450980392156863,
    "neutral": 0.7941176470588236,
    "sad": 0.7301587301587302
  },
  "all_above_target": true
}